attack,classfication,defense,height_m,hp,name,pokedex_number,sp_attack,sp_defense,speed,type1,type2,weight_kg,generation,is_legendary
49,Seed Pokémon,49,0.7,45,Bulbasaur,1,65,65,45,grass,poison,6.9,1,0
62,Seed Pokémon,63,1,60,Ivysaur,2,80,80,60,grass,poison,13,1,0
100,Seed Pokémon,123,2,80,Venusaur,3,122,120,80,grass,poison,100,1,0
52,Lizard Pokémon,43,0.6,39,Charmander,4,60,50,65,fire,,8.5,1,0
64,Flame Pokémon,58,1.1,58,Charmeleon,5,80,65,80,fire,,19,1,0
104,Flame Pokémon,78,1.7,78,Charizard,6,159,115,100,fire,flying,90.5,1,0
48,Tiny Turtle Pokémon,65,0.5,44,Squirtle,7,50,64,43,water,,9,1,0
63,Turtle Pokémon,80,1,59,Wartortle,8,65,80,58,water,,22.5,1,0
103,Shellfish Pokémon,120,1.6,79,Blastoise,9,135,115,78,water,,85.5,1,0
30,Worm Pokémon,35,0.3,45,Caterpie,10,20,20,45,bug,,2.9,1,0
20,Cocoon Pokémon,55,0.7,50,Metapod,11,25,25,30,bug,,9.9,1,0
45,Butterfly Pokémon,50,1.1,60,Butterfree,12,90,80,70,bug,flying,32,1,0
35,Hairy Pokémon,30,0.3,40,Weedle,13,20,20,50,bug,poison,3.2,1,0
25,Cocoon Pokémon,50,0.6,45,Kakuna,14,25,25,35,bug,poison,10,1,0
150,Poison Bee Pokémon,40,1,65,Beedrill,15,15,80,145,bug,poison,29.5,1,0
45,Tiny Bird Pokémon,40,0.3,40,Pidgey,16,35,35,56,normal,flying,1.8,1,0
60,Bird Pokémon,55,1.1,63,Pidgeotto,17,50,50,71,normal,flying,30,1,0
80,Bird Pokémon,80,1.5,83,Pidgeot,18,135,80,121,normal,flying,39.5,1,0
56,Mouse Pokémon,35,0.3,30,Rattata,19,25,35,72,normal,,3.5,1,0
71,Mouse Pokémon,70,0.7,75,Raticate,20,40,80,77,normal,,18.5,1,0
60,Tiny Bird Pokémon,30,0.3,40,Spearow,21,31,31,70,normal,flying,2,1,0
90,Beak Pokémon,65,1.2,65,Fearow,22,61,61,100,normal,flying,38,1,0
60,Snake Pokémon,44,2,35,Ekans,23,40,54,55,poison,,6.9,1,0
95,Cobra Pokémon,69,3.5,60,Arbok,24,65,79,80,poison,,65,1,0
55,Mouse Pokémon,40,0.4,35,Pikachu,25,50,50,90,electric,,6,1,0
85,Mouse Pokémon,50,0.8,60,Raichu,26,95,85,110,electric,,30,1,0
75,Mouse Pokémon,90,0.6,50,Sandshrew,27,10,35,40,ground,,12,1,0
100,Mouse Pokémon,120,1,75,Sandslash,28,45,55,65,ground,,29.5,1,0
47,Poison Pin Pokémon,52,0.4,55,Nidoran♀,29,40,40,41,poison,,7,1,0
62,Poison Pin Pokémon,67,0.8,70,Nidorina,30,55,55,56,poison,,20,1,0
92,Drill Pokémon,87,1.3,90,Nidoqueen,31,75,85,76,poison,ground,60,1,0
57,Poison Pin Pokémon,40,0.5,46,Nidoran♂,32,40,40,50,poison,,9,1,0
72,Poison Pin Pokémon,57,0.9,61,Nidorino,33,55,55,65,poison,,19.5,1,0
102,Drill Pokémon,77,1.4,81,Nidoking,34,85,75,85,poison,ground,62,1,0
45,Fairy Pokémon,48,0.6,70,Clefairy,35,60,65,35,fairy,,7.5,1,0
70,Fairy Pokémon,73,1.3,95,Clefable,36,95,90,60,fairy,,40,1,0
41,Fox Pokémon,40,0.6,38,Vulpix,37,50,65,65,fire,,9.9,1,0
67,Fox Pokémon,75,1.1,73,Ninetales,38,81,100,109,fire,,19.9,1,0
45,Balloon Pokémon,20,0.5,115,Jigglypuff,39,45,25,20,normal,fairy,5.5,1,0
70,Balloon Pokémon,45,1,140,Wigglytuff,40,85,50,45,normal,fairy,12,1,0
45,Bat Pokémon,35,0.8,40,Zubat,41,30,40,55,poison,flying,7.5,1,0
80,Bat Pokémon,70,1.6,75,Golbat,42,65,75,90,poison,flying,55,1,0
50,Weed Pokémon,55,0.5,45,Oddish,43,75,65,30,grass,poison,5.4,1,0
65,Weed Pokémon,70,0.8,60,Gloom,44,85,75,40,grass,poison,8.6,1,0
80,Flower Pokémon,85,1.2,75,Vileplume,45,110,90,50,grass,poison,18.6,1,0
70,Mushroom Pokémon,55,0.3,35,Paras,46,45,55,25,bug,grass,5.4,1,0
95,Mushroom Pokémon,80,1,60,Parasect,47,60,80,30,bug,grass,29.5,1,0
55,Insect Pokémon,50,1,60,Venonat,48,40,55,45,bug,poison,30,1,0
65,Poison Moth Pokémon,60,1.5,70,Venomoth,49,90,75,90,bug,poison,12.5,1,0
55,Mole Pokémon,30,0.2,10,Diglett,50,35,45,90,ground,,0.8,1,0
100,Mole Pokémon,60,0.7,35,Dugtrio,51,50,70,110,ground,,33.3,1,0
35,Scratch Cat Pokémon,35,0.4,40,Meowth,52,50,40,90,normal,,4.2,1,0
60,Classy Cat Pokémon,60,1,65,Persian,53,75,65,115,normal,,32,1,0
52,Duck Pokémon,48,0.8,50,Psyduck,54,65,50,55,water,,19.6,1,0
82,Duck Pokémon,78,1.7,80,Golduck,55,95,80,85,water,,76.6,1,0
80,Pig Monkey Pokémon,35,0.5,40,Mankey,56,35,45,70,fighting,,28,1,0
105,Pig Monkey Pokémon,60,1,65,Primeape,57,60,70,95,fighting,,32,1,0
70,Puppy Pokémon,45,0.7,55,Growlithe,58,70,50,60,fire,,19,1,0
110,Legendary Pokémon,80,1.9,90,Arcanine,59,100,80,95,fire,,155,1,0
50,Tadpole Pokémon,40,0.6,40,Poliwag,60,40,40,90,water,,12.4,1,0
65,Tadpole Pokémon,65,1,65,Poliwhirl,61,50,50,90,water,,20,1,0
95,Tadpole Pokémon,95,1.3,90,Poliwrath,62,70,90,70,water,fighting,54,1,0
20,Psi Pokémon,15,0.9,25,Abra,63,105,55,90,psychic,,19.5,1,0
35,Psi Pokémon,30,1.3,40,Kadabra,64,120,70,105,psychic,,56.5,1,0
50,Psi Pokémon,65,1.5,55,Alakazam,65,175,105,150,psychic,,48,1,0
80,Superpower Pokémon,50,0.8,70,Machop,66,35,35,35,fighting,,19.5,1,0
100,Superpower Pokémon,70,1.5,80,Machoke,67,50,60,45,fighting,,70.5,1,0
130,Superpower Pokémon,80,1.6,90,Machamp,68,65,85,55,fighting,,130,1,0
75,Flower Pokémon,35,0.7,50,Bellsprout,69,70,30,40,grass,poison,4,1,0
90,Flycatcher Pokémon,50,1,65,Weepinbell,70,85,45,55,grass,poison,6.4,1,0
105,Flycatcher Pokémon,65,1.7,80,Victreebel,71,100,70,70,grass,poison,15.5,1,0
40,Jellyfish Pokémon,35,0.9,40,Tentacool,72,50,100,70,water,poison,45.5,1,0
70,Jellyfish Pokémon,65,1.6,80,Tentacruel,73,80,120,100,water,poison,55,1,0
80,Rock Pokémon,100,0.4,40,Geodude,74,30,30,20,rock,ground,20,1,0
95,Rock Pokémon,115,1,55,Graveler,75,45,45,35,rock,ground,105,1,0
120,Megaton Pokémon,130,1.4,80,Golem,76,55,65,45,rock,ground,300,1,0
85,Fire Horse Pokémon,55,1,50,Ponyta,77,65,65,90,fire,,30,1,0
100,Fire Horse Pokémon,70,1.7,65,Rapidash,78,80,80,105,fire,,95,1,0
65,Dopey Pokémon,65,1.2,90,Slowpoke,79,40,40,15,water,psychic,36,1,0
75,Hermit Crab Pokémon,180,1.6,95,Slowbro,80,130,80,30,water,psychic,78.5,1,0
35,Magnet Pokémon,70,0.3,25,Magnemite,81,95,55,45,electric,steel,6,1,0
60,Magnet Pokémon,95,1,50,Magneton,82,120,70,70,electric,steel,60,1,0
90,Wild Duck Pokémon,55,0.8,52,Farfetch'd,83,58,62,60,normal,flying,15,1,0
85,Twin Bird Pokémon,45,1.4,35,Doduo,84,35,35,75,normal,flying,39.2,1,0
110,Triple Bird Pokémon,70,1.8,60,Dodrio,85,60,60,110,normal,flying,85.2,1,0
45,Sea Lion Pokémon,55,1.1,65,Seel,86,45,70,45,water,,90,1,0
70,Sea Lion Pokémon,80,1.7,90,Dewgong,87,70,95,70,water,ice,120,1,0
80,Sludge Pokémon,50,0.9,80,Grimer,88,40,50,25,poison,,30,1,0
105,Sludge Pokémon,75,1.2,105,Muk,89,65,100,50,poison,,30,1,0
65,Bivalve Pokémon,100,0.3,30,Shellder,90,45,25,40,water,,4,1,0
95,Bivalve Pokémon,180,1.5,50,Cloyster,91,85,45,70,water,ice,132.5,1,0
35,Gas Pokémon,30,1.3,30,Gastly,92,100,35,80,ghost,poison,0.1,1,0
50,Gas Pokémon,45,1.6,45,Haunter,93,115,55,95,ghost,poison,0.1,1,0
65,Shadow Pokémon,80,1.5,60,Gengar,94,170,95,130,ghost,poison,40.5,1,0
45,Rock Snake Pokémon,160,8.8,35,Onix,95,30,45,70,rock,ground,210,1,0
48,Hypnosis Pokémon,45,1,60,Drowzee,96,43,90,42,psychic,,32.4,1,0
73,Hypnosis Pokémon,70,1.6,85,Hypno,97,73,115,67,psychic,,75.6,1,0
105,River Crab Pokémon,90,0.4,30,Krabby,98,25,25,50,water,,6.5,1,0
130,Pincer Pokémon,115,1.3,55,Kingler,99,50,50,75,water,,60,1,0
30,Ball Pokémon,50,0.5,40,Voltorb,100,55,55,100,electric,,10.4,1,0
50,Ball Pokémon,70,1.2,60,Electrode,101,80,80,150,electric,,66.6,1,0
40,Egg Pokémon,80,0.4,60,Exeggcute,102,60,45,40,grass,psychic,2.5,1,0
105,Coconut Pokémon,85,2,95,Exeggutor,103,125,75,45,grass,psychic,120,1,0
50,Lonely Pokémon,95,0.4,50,Cubone,104,40,50,35,ground,,6.5,1,0
80,Bone Keeper Pokémon,110,1,60,Marowak,105,50,80,45,ground,,45,1,0
120,Kicking Pokémon,53,1.5,50,Hitmonlee,106,35,110,87,fighting,,49.8,1,0
105,Punching Pokémon,79,1.4,50,Hitmonchan,107,35,110,76,fighting,,50.2,1,0
55,Licking Pokémon,75,1.2,90,Lickitung,108,60,75,30,normal,,65.5,1,0
65,Poison Gas Pokémon,95,0.6,40,Koffing,109,60,45,35,poison,,1,1,0
90,Poison Gas Pokémon,120,1.2,65,Weezing,110,85,70,60,poison,,9.5,1,0
85,Spikes Pokémon,95,1,80,Rhyhorn,111,30,30,25,ground,rock,115,1,0
130,Drill Pokémon,120,1.9,105,Rhydon,112,45,45,40,ground,rock,120,1,0
5,Egg Pokémon,5,1.1,250,Chansey,113,35,105,50,normal,,34.6,1,0
55,Vine Pokémon,115,1,65,Tangela,114,100,40,60,grass,,35,1,0
125,Parent Pokémon,100,2.2,105,Kangaskhan,115,60,100,100,normal,,80,1,0
40,Dragon Pokémon,70,0.4,30,Horsea,116,70,25,60,water,,8,1,0
65,Dragon Pokémon,95,1.2,55,Seadra,117,95,45,85,water,,25,1,0
67,Goldfish Pokémon,60,0.6,45,Goldeen,118,35,50,63,water,,15,1,0
92,Goldfish Pokémon,65,1.3,80,Seaking,119,65,80,68,water,,39,1,0
45,Starshape Pokémon,55,0.8,30,Staryu,120,70,55,85,water,,34.5,1,0
75,Mysterious Pokémon,85,1.1,60,Starmie,121,100,85,115,water,psychic,80,1,0
45,Barrier Pokémon,65,1.3,40,Mr. Mime,122,100,120,90,psychic,fairy,54.5,1,0
110,Mantis Pokémon,80,1.5,70,Scyther,123,55,80,105,bug,flying,56,1,0
50,Humanshape Pokémon,35,1.4,65,Jynx,124,115,95,95,ice,psychic,40.6,1,0
83,Electric Pokémon,57,1.1,65,Electabuzz,125,95,85,105,electric,,30,1,0
95,Spitfire Pokémon,57,1.3,65,Magmar,126,100,85,93,fire,,44.5,1,0
155,Stagbeetle Pokémon,120,1.5,65,Pinsir,127,65,90,105,bug,,55,1,0
100,Wild Bull Pokémon,95,1.4,75,Tauros,128,40,70,110,normal,,88.4,1,0
10,Fish Pokémon,55,0.9,20,Magikarp,129,15,20,80,water,,10,1,0
155,Atrocious Pokémon,109,6.5,95,Gyarados,130,70,130,81,water,flying,235,1,0
85,Transport Pokémon,80,2.5,130,Lapras,131,85,95,60,water,ice,220,1,0
48,Transform Pokémon,48,0.3,48,Ditto,132,48,48,48,normal,,4,1,0
55,Evolution Pokémon,50,0.3,55,Eevee,133,45,65,55,normal,,6.5,1,0
65,Bubble Jet Pokémon,60,1,130,Vaporeon,134,110,95,65,water,,29,1,0
65,Lightning Pokémon,60,0.8,65,Jolteon,135,110,95,130,electric,,24.5,1,0
130,Flame Pokémon,60,0.9,65,Flareon,136,95,110,65,fire,,25,1,0
60,Virtual Pokémon,70,0.8,65,Porygon,137,85,75,40,normal,,36.5,1,0
40,Spiral Pokémon,100,0.4,35,Omanyte,138,90,55,35,rock,water,7.5,1,0
60,Spiral Pokémon,125,1,70,Omastar,139,115,70,55,rock,water,35,1,0
80,Shellfish Pokémon,90,0.5,30,Kabuto,140,55,45,55,rock,water,11.5,1,0
115,Shellfish Pokémon,105,1.3,60,Kabutops,141,65,70,80,rock,water,40.5,1,0
135,Fossil Pokémon,85,1.8,80,Aerodactyl,142,70,95,150,rock,flying,59,1,0
110,Sleeping Pokémon,65,2.1,160,Snorlax,143,65,110,30,normal,,460,1,0
85,Freeze Pokémon,100,1.7,90,Articuno,144,95,125,85,ice,flying,55.4,1,1
90,Electric Pokémon,85,1.6,90,Zapdos,145,125,90,100,electric,flying,52.6,1,1
100,Flame Pokémon,90,2,90,Moltres,146,125,85,90,fire,flying,60,1,1
64,Dragon Pokémon,45,1.8,41,Dratini,147,50,50,50,dragon,,3.3,1,0
84,Dragon Pokémon,65,4,61,Dragonair,148,70,70,70,dragon,,16.5,1,0
134,Dragon Pokémon,95,2.2,91,Dragonite,149,100,100,80,dragon,flying,210,1,0
150,Genetic Pokémon,70,2,106,Mewtwo,150,194,120,140,psychic,,122,1,1
100,New Species Pokémon,100,0.4,100,Mew,151,100,100,100,psychic,,4,1,1
49,Leaf Pokémon,65,0.9,45,Chikorita,152,49,65,45,grass,,6.4,2,0
62,Leaf Pokémon,80,1.2,60,Bayleef,153,63,80,60,grass,,15.8,2,0
82,Herb Pokémon,100,1.8,80,Meganium,154,83,100,80,grass,,100.5,2,0
52,Fire Mouse Pokémon,43,0.5,39,Cyndaquil,155,60,50,65,fire,,7.9,2,0
64,Volcano Pokémon,58,0.9,58,Quilava,156,80,65,80,fire,,19,2,0
84,Volcano Pokémon,78,1.7,78,Typhlosion,157,109,85,100,fire,,79.5,2,0
65,Big Jaw Pokémon,64,0.6,50,Totodile,158,44,48,43,water,,9.5,2,0
80,Big Jaw Pokémon,80,1.1,65,Croconaw,159,59,63,58,water,,25,2,0
105,Big Jaw Pokémon,100,2.3,85,Feraligatr,160,79,83,78,water,,88.8,2,0
46,Scout Pokémon,34,0.8,35,Sentret,161,35,45,20,normal,,6,2,0
76,Long Body Pokémon,64,1.8,85,Furret,162,45,55,90,normal,,32.5,2,0
30,Owl Pokémon,30,0.7,60,Hoothoot,163,36,56,50,normal,flying,21.2,2,0
50,Owl Pokémon,50,1.6,100,Noctowl,164,86,96,70,normal,flying,40.8,2,0
20,Five Star Pokémon,30,1,40,Ledyba,165,40,80,55,bug,flying,10.8,2,0
35,Five Star Pokémon,50,1.4,55,Ledian,166,55,110,85,bug,flying,35.6,2,0
60,String Spit Pokémon,40,0.5,40,Spinarak,167,40,40,30,bug,poison,8.5,2,0
90,Long Leg Pokémon,70,1.1,70,Ariados,168,60,70,40,bug,poison,33.5,2,0
90,Bat Pokémon,80,1.8,85,Crobat,169,70,80,130,poison,flying,75,2,0
38,Angler Pokémon,38,0.5,75,Chinchou,170,56,56,67,water,electric,12,2,0
58,Light Pokémon,58,1.2,125,Lanturn,171,76,76,67,water,electric,22.5,2,0
40,Tiny Mouse Pokémon,15,0.3,20,Pichu,172,35,35,60,electric,,2,2,0
25,Star Shape Pokémon,28,0.3,50,Cleffa,173,45,55,15,fairy,,3,2,0
30,Balloon Pokémon,15,0.3,90,Igglybuff,174,40,20,15,normal,fairy,1,2,0
20,Spike Ball Pokémon,65,0.3,35,Togepi,175,40,65,20,fairy,,1.5,2,0
40,Happiness Pokémon,85,0.6,55,Togetic,176,80,105,40,fairy,flying,3.2,2,0
50,Little Bird Pokémon,45,0.2,40,Natu,177,70,45,70,psychic,flying,2,2,0
75,Mystic Pokémon,70,1.5,65,Xatu,178,95,70,95,psychic,flying,15,2,0
40,Wool Pokémon,40,0.6,55,Mareep,179,65,45,35,electric,,7.8,2,0
55,Wool Pokémon,55,0.8,70,Flaaffy,180,80,60,45,electric,,13.3,2,0
95,Light Pokémon,105,1.4,90,Ampharos,181,165,110,45,electric,,61.5,2,0
80,Flower Pokémon,95,0.4,75,Bellossom,182,90,100,50,grass,,5.8,2,0
20,Aquamouse Pokémon,50,0.4,70,Marill,183,20,50,40,water,fairy,8.5,2,0
50,Aquarabbit Pokémon,80,0.8,100,Azumarill,184,60,80,50,water,fairy,28.5,2,0
100,Imitation Pokémon,115,1.2,70,Sudowoodo,185,30,65,30,rock,,38,2,0
75,Frog Pokémon,75,1.1,90,Politoed,186,90,100,70,water,,33.9,2,0
35,Cottonweed Pokémon,40,0.4,35,Hoppip,187,35,55,50,grass,flying,0.5,2,0
45,Cottonweed Pokémon,50,0.6,55,Skiploom,188,45,65,80,grass,flying,1,2,0
55,Cottonweed Pokémon,70,0.8,75,Jumpluff,189,55,95,110,grass,flying,3,2,0
70,Long Tail Pokémon,55,0.8,55,Aipom,190,40,55,85,normal,,11.5,2,0
30,Seed Pokémon,30,0.3,30,Sunkern,191,30,30,30,grass,,1.8,2,0
75,Sun Pokémon,55,0.8,75,Sunflora,192,105,85,30,grass,,8.5,2,0
65,Clear Wing Pokémon,45,1.2,65,Yanma,193,75,45,95,bug,flying,38,2,0
45,Water Fish Pokémon,45,0.4,55,Wooper,194,25,25,15,water,ground,8.5,2,0
85,Water Fish Pokémon,85,1.4,95,Quagsire,195,65,65,35,water,ground,75,2,0
65,Sun Pokémon,60,0.9,65,Espeon,196,130,95,110,psychic,,26.5,2,0
65,Moonlight Pokémon,110,1,95,Umbreon,197,60,130,65,dark,,27,2,0
85,Darkness Pokémon,42,0.5,60,Murkrow,198,85,42,91,dark,flying,2.1,2,0
75,Royal Pokémon,80,2,95,Slowking,199,100,110,30,water,psychic,79.5,2,0
60,Screech Pokémon,60,0.7,60,Misdreavus,200,85,85,85,ghost,,1,2,0
72,Symbol Pokémon,48,0.5,48,Unown,201,72,48,48,psychic,,5,2,0
33,Patient Pokémon,58,1.3,190,Wobbuffet,202,33,58,33,psychic,,28.5,2,0
80,Long Neck Pokémon,65,1.5,70,Girafarig,203,90,65,85,normal,psychic,41.5,2,0
65,Bagworm Pokémon,90,0.6,50,Pineco,204,35,35,15,bug,,7.2,2,0
90,Bagworm Pokémon,140,1.2,75,Forretress,205,60,60,40,bug,steel,125.8,2,0
70,Land Snake Pokémon,70,1.5,100,Dunsparce,206,65,65,45,normal,,14,2,0
75,Flyscorpion Pokémon,105,1.1,65,Gligar,207,35,65,85,ground,flying,64.8,2,0
125,Iron Snake Pokémon,230,9.2,75,Steelix,208,55,95,30,steel,ground,400,2,0
80,Fairy Pokémon,50,0.6,60,Snubbull,209,40,40,30,fairy,,7.8,2,0
120,Fairy Pokémon,75,1.4,90,Granbull,210,60,60,45,fairy,,48.7,2,0
95,Balloon Pokémon,85,0.5,65,Qwilfish,211,55,55,85,water,poison,3.9,2,0
150,Pincer Pokémon,140,1.8,70,Scizor,212,65,100,75,bug,steel,118,2,0
10,Mold Pokémon,230,0.6,20,Shuckle,213,10,230,5,bug,rock,20.5,2,0
185,Singlehorn Pokémon,115,1.5,80,Heracross,214,40,105,75,bug,fighting,54,2,0
95,Sharp Claw Pokémon,55,0.9,55,Sneasel,215,35,75,115,dark,ice,28,2,0
80,Little Bear Pokémon,50,0.6,60,Teddiursa,216,50,50,40,normal,,8.8,2,0
130,Hibernator Pokémon,75,1.8,90,Ursaring,217,75,75,55,normal,,125.8,2,0
40,Lava Pokémon,40,0.7,40,Slugma,218,70,40,20,fire,,35,2,0
50,Lava Pokémon,120,0.8,60,Magcargo,219,90,80,30,fire,rock,55,2,0
50,Pig Pokémon,40,0.4,50,Swinub,220,30,30,50,ice,ground,6.5,2,0
100,Swine Pokémon,80,1.1,100,Piloswine,221,60,60,50,ice,ground,55.8,2,0
55,Coral Pokémon,95,0.6,65,Corsola,222,65,95,35,water,rock,5,2,0
65,Jet Pokémon,35,0.6,35,Remoraid,223,65,35,65,water,,12,2,0
105,Jet Pokémon,75,0.9,75,Octillery,224,105,75,45,water,,28.5,2,0
55,Delivery Pokémon,45,0.9,45,Delibird,225,65,45,75,ice,flying,16,2,0
40,Kite Pokémon,70,2.1,85,Mantine,226,80,140,70,water,flying,220,2,0
80,Armor Bird Pokémon,140,1.7,65,Skarmory,227,40,70,70,steel,flying,50.5,2,0
60,Dark Pokémon,30,0.6,45,Houndour,228,80,50,65,dark,fire,10.8,2,0
90,Dark Pokémon,90,1.4,75,Houndoom,229,140,90,115,dark,fire,35,2,0
95,Dragon Pokémon,95,1.8,75,Kingdra,230,95,95,85,water,dragon,152,2,0
60,Long Nose Pokémon,60,0.5,90,Phanpy,231,40,40,40,ground,,33.5,2,0
120,Armor Pokémon,120,1.1,90,Donphan,232,60,60,50,ground,,120,2,0
80,Virtual Pokémon,90,0.6,85,Porygon2,233,105,95,60,normal,,32.5,2,0
95,Big Horn Pokémon,62,1.4,73,Stantler,234,85,65,85,normal,,71.2,2,0
20,Painter Pokémon,35,1.2,55,Smeargle,235,20,45,75,normal,,58,2,0
35,Scuffle Pokémon,35,0.7,35,Tyrogue,236,35,35,35,fighting,,21,2,0
95,Handstand Pokémon,95,1.4,50,Hitmontop,237,35,110,70,fighting,,48,2,0
30,Kiss Pokémon,15,0.4,45,Smoochum,238,85,65,65,ice,psychic,6,2,0
63,Electric Pokémon,37,0.6,45,Elekid,239,65,55,95,electric,,23.5,2,0
75,Live Coal Pokémon,37,0.7,45,Magby,240,70,55,83,fire,,21.4,2,0
80,Milk Cow Pokémon,105,1.2,95,Miltank,241,40,70,100,normal,,75.5,2,0
10,Happiness Pokémon,10,1.5,255,Blissey,242,75,135,55,normal,,46.8,2,0
85,Thunder Pokémon,75,1.9,90,Raikou,243,115,100,115,electric,,178,2,1
115,Volcano Pokémon,85,2.1,115,Entei,244,90,75,100,fire,,198,2,1
75,Aurora Pokémon,115,2,100,Suicune,245,90,115,85,water,,187,2,1
64,Rock Skin Pokémon,50,0.6,50,Larvitar,246,45,50,41,rock,ground,72,2,0
84,Hard Shell Pokémon,70,1.2,70,Pupitar,247,65,70,51,rock,ground,152,2,0
164,Armor Pokémon,150,2,100,Tyranitar,248,95,120,71,rock,dark,202,2,0
90,Diving Pokémon,130,5.2,106,Lugia,249,90,154,110,psychic,flying,216,2,1
130,Rainbow Pokémon,90,3.8,106,Ho-Oh,250,110,154,90,fire,flying,199,2,1
100,Time Travel Pokémon,100,0.6,100,Celebi,251,100,100,100,psychic,grass,5,2,1
45,Wood Gecko Pokémon,35,0.5,40,Treecko,252,65,55,70,grass,,5,3,0
65,Wood Gecko Pokémon,45,0.9,50,Grovyle,253,85,65,95,grass,,21.6,3,0
110,Forest Pokémon,75,1.7,70,Sceptile,254,145,85,145,grass,,52.2,3,0
60,Chick Pokémon,40,0.4,45,Torchic,255,70,50,45,fire,,2.5,3,0
85,Young Fowl Pokémon,60,0.9,60,Combusken,256,85,60,55,fire,fighting,19.5,3,0
160,Blaze Pokémon,80,1.9,80,Blaziken,257,130,80,100,fire,fighting,52,3,0
70,Mud Fish Pokémon,50,0.4,50,Mudkip,258,50,50,40,water,,7.6,3,0
85,Mud Fish Pokémon,70,0.7,70,Marshtomp,259,60,70,50,water,ground,28,3,0
150,Mud Fish Pokémon,110,1.5,100,Swampert,260,95,110,70,water,ground,81.9,3,0
55,Bite Pokémon,35,0.5,35,Poochyena,261,30,30,35,dark,,13.6,3,0
90,Bite Pokémon,70,1,70,Mightyena,262,60,60,70,dark,,37,3,0
30,Tiny Racoon Pokémon,41,0.4,38,Zigzagoon,263,30,41,60,normal,,17.5,3,0
70,Rush Pokémon,61,0.5,78,Linoone,264,50,61,100,normal,,32.5,3,0
45,Worm Pokémon,35,0.3,45,Wurmple,265,20,30,20,bug,,3.6,3,0
35,Cocoon Pokémon,55,0.6,50,Silcoon,266,25,25,15,bug,,10,3,0
70,Butterfly Pokémon,50,1,60,Beautifly,267,100,50,65,bug,flying,28.4,3,0
35,Cocoon Pokémon,55,0.7,50,Cascoon,268,25,25,15,bug,,11.5,3,0
50,Poison Moth Pokémon,70,1.2,60,Dustox,269,50,90,65,bug,poison,31.6,3,0
30,Water Weed Pokémon,30,0.5,40,Lotad,270,40,50,30,water,grass,2.6,3,0
50,Jolly Pokémon,50,1.2,60,Lombre,271,60,70,50,water,grass,32.5,3,0
70,Carefree Pokémon,70,1.5,80,Ludicolo,272,90,100,70,water,grass,55,3,0
40,Acorn Pokémon,50,0.5,40,Seedot,273,30,30,30,grass,,4,3,0
70,Wily Pokémon,40,1,70,Nuzleaf,274,60,40,60,grass,dark,28,3,0
100,Wickid Pokémon,60,1.3,90,Shiftry,275,90,60,80,grass,dark,59.6,3,0
55,TinySwallow Pokémon,30,0.3,40,Taillow,276,30,30,85,normal,flying,2.3,3,0
85,Swallow Pokémon,60,0.7,60,Swellow,277,75,50,125,normal,flying,19.8,3,0
30,Seagull Pokémon,30,0.6,40,Wingull,278,55,30,85,water,flying,9.5,3,0
50,Water Bird Pokémon,100,1.2,60,Pelipper,279,95,70,65,water,flying,28,3,0
25,Feeling Pokémon,25,0.4,28,Ralts,280,45,35,40,psychic,fairy,6.6,3,0
35,Emotion Pokémon,35,0.8,38,Kirlia,281,65,55,50,psychic,fairy,20.2,3,0
85,Embrace Pokémon,65,1.6,68,Gardevoir,282,165,135,100,psychic,fairy,48.4,3,0
30,Pond Skater Pokémon,32,0.5,40,Surskit,283,50,52,65,bug,water,1.7,3,0
60,Eyeball Pokémon,62,0.8,70,Masquerain,284,100,82,80,bug,flying,3.6,3,0
40,Mushroom Pokémon,60,0.4,60,Shroomish,285,40,60,35,grass,,4.5,3,0
130,Mushroom Pokémon,80,1.2,60,Breloom,286,60,60,70,grass,fighting,39.2,3,0
60,Slacker Pokémon,60,0.8,60,Slakoth,287,35,35,30,normal,,24,3,0
80,Wild Monkey Pokémon,80,1.4,80,Vigoroth,288,55,55,90,normal,,46.5,3,0
160,Lazy Pokémon,100,2,150,Slaking,289,95,65,100,normal,,130.5,3,0
45,Trainee Pokémon,90,0.5,31,Nincada,290,30,30,40,bug,ground,5.5,3,0
90,Ninja Pokémon,45,0.8,61,Ninjask,291,50,50,160,bug,flying,12,3,0
90,Shed Pokémon,45,0.8,1,Shedinja,292,30,30,40,bug,ghost,1.2,3,0
51,Whisper Pokémon,23,0.6,64,Whismur,293,51,23,28,normal,,16.3,3,0
71,Big Voice Pokémon,43,1,84,Loudred,294,71,43,48,normal,,40.5,3,0
91,Loud Noise Pokémon,63,1.5,104,Exploud,295,91,73,68,normal,,84,3,0
60,Guts Pokémon,30,1,72,Makuhita,296,20,30,25,fighting,,86.4,3,0
120,Arm Thrust Pokémon,60,2.3,144,Hariyama,297,40,60,50,fighting,,253.8,3,0
20,Polka Dot Pokémon,40,0.2,50,Azurill,298,20,40,20,normal,fairy,2,3,0
45,Compass Pokémon,135,1,30,Nosepass,299,45,90,30,rock,,97,3,0
45,Kitten Pokémon,45,0.6,50,Skitty,300,35,35,50,normal,,11,3,0
65,Prim Pokémon,65,1.1,70,Delcatty,301,55,55,90,normal,,32.6,3,0
85,Darkness Pokémon,125,0.5,50,Sableye,302,85,115,20,dark,ghost,11,3,0
105,Deceiver Pokémon,125,0.6,50,Mawile,303,55,95,50,steel,fairy,11.5,3,0
70,Iron Armor Pokémon,100,0.4,50,Aron,304,40,40,30,steel,rock,60,3,0
90,Iron Armor Pokémon,140,0.9,60,Lairon,305,50,50,40,steel,rock,120,3,0
140,Iron Armor Pokémon,230,2.1,70,Aggron,306,60,80,50,steel,rock,360,3,0
40,Meditate Pokémon,55,0.6,30,Meditite,307,40,55,60,fighting,psychic,11.2,3,0
100,Meditate Pokémon,85,1.3,60,Medicham,308,80,85,100,fighting,psychic,31.5,3,0
45,Lightning Pokémon,40,0.6,40,Electrike,309,65,40,65,electric,,15.2,3,0
75,Discharge Pokémon,80,1.5,70,Manectric,310,135,80,135,electric,,40.2,3,0
50,Cheering Pokémon,40,0.4,60,Plusle,311,85,75,95,electric,,4.2,3,0
40,Cheering Pokémon,50,0.4,60,Minun,312,75,85,95,electric,,4.2,3,0
73,Firefly Pokémon,75,0.7,65,Volbeat,313,47,85,85,bug,,17.7,3,0
47,Firefly Pokémon,75,0.6,65,Illumise,314,73,85,85,bug,,17.7,3,0
60,Thorn Pokémon,45,0.3,50,Roselia,315,100,80,65,grass,poison,2,3,0
43,Stomach Pokémon,53,0.4,70,Gulpin,316,43,53,40,poison,,10.3,3,0
73,Poison Bag Pokémon,83,1.7,100,Swalot,317,73,83,55,poison,,80,3,0
90,Savage Pokémon,20,0.8,45,Carvanha,318,65,20,65,water,dark,20.8,3,0
140,Brutal Pokémon,70,1.8,70,Sharpedo,319,110,65,105,water,dark,88.8,3,0
70,Ball Whale Pokémon,35,2,130,Wailmer,320,70,35,60,water,,130,3,0
90,Float Whale Pokémon,45,14.5,170,Wailord,321,90,45,60,water,,398,3,0
60,Numb Pokémon,40,0.7,60,Numel,322,65,45,35,fire,ground,24,3,0
120,Eruption Pokémon,100,1.9,70,Camerupt,323,145,105,20,fire,ground,220,3,0
85,Coal Pokémon,140,0.5,70,Torkoal,324,85,70,20,fire,,80.4,3,0
25,Bounce Pokémon,35,0.7,60,Spoink,325,70,80,60,psychic,,30.6,3,0
45,Manipulate Pokémon,65,0.9,80,Grumpig,326,90,110,80,psychic,,71.5,3,0
60,Spot Panda Pokémon,60,1.1,60,Spinda,327,60,60,60,normal,,5,3,0
100,Ant Pit Pokémon,45,0.7,45,Trapinch,328,45,45,10,ground,,15,3,0
70,Vibration Pokémon,50,1.1,50,Vibrava,329,50,50,70,ground,dragon,15.3,3,0
100,Mystic Pokémon,80,2,80,Flygon,330,80,80,100,ground,dragon,82,3,0
85,Cactus Pokémon,40,0.4,50,Cacnea,331,85,40,35,grass,,51.3,3,0
115,Scarecrow Pokémon,60,1.3,70,Cacturne,332,115,60,55,grass,dark,77.4,3,0
40,Cotton Bird Pokémon,60,0.4,45,Swablu,333,40,75,50,normal,flying,1.2,3,0
110,Humming Pokémon,110,1.1,75,Altaria,334,110,105,80,dragon,flying,20.6,3,0
115,Cat Ferret Pokémon,60,1.3,73,Zangoose,335,60,60,90,normal,,40.3,3,0
100,Fang Snake Pokémon,60,2.7,73,Seviper,336,100,60,65,poison,,52.5,3,0
55,Meteorite Pokémon,65,1,90,Lunatone,337,95,85,70,rock,psychic,168,3,0
95,Meteorite Pokémon,85,1.2,90,Solrock,338,55,65,70,rock,psychic,154,3,0
48,Whiskers Pokémon,43,0.4,50,Barboach,339,46,41,60,water,ground,1.9,3,0
78,Whiskers Pokémon,73,0.9,110,Whiscash,340,76,71,60,water,ground,23.6,3,0
80,Ruffian Pokémon,65,0.6,43,Corphish,341,50,35,35,water,,11.5,3,0
120,Rogue Pokémon,85,1.1,63,Crawdaunt,342,90,55,55,water,dark,32.8,3,0
40,Clay Doll Pokémon,55,0.5,40,Baltoy,343,40,70,55,ground,psychic,21.5,3,0
70,Clay Doll Pokémon,105,1.5,60,Claydol,344,70,120,75,ground,psychic,108,3,0
41,Sea Lily Pokémon,77,1,66,Lileep,345,61,87,23,rock,grass,23.8,3,0
81,Barnacle Pokémon,97,1.5,86,Cradily,346,81,107,43,rock,grass,60.4,3,0
95,Old Shrimp Pokémon,50,0.7,45,Anorith,347,40,50,75,rock,bug,12.5,3,0
125,Plate Pokémon,100,1.5,75,Armaldo,348,70,80,45,rock,bug,68.2,3,0
15,Fish Pokémon,20,0.6,20,Feebas,349,10,55,80,water,,7.4,3,0
60,Tender Pokémon,79,6.2,95,Milotic,350,100,125,81,water,,162,3,0
70,Weather Pokémon,70,0.3,70,Castform,351,70,70,70,normal,,0.8,3,0
90,Color Swap Pokémon,70,1,60,Kecleon,352,60,120,40,normal,,22,3,0
75,Puppet Pokémon,35,0.6,44,Shuppet,353,63,33,45,ghost,,2.3,3,0
165,Marionette Pokémon,75,1.1,64,Banette,354,93,83,75,ghost,,12.5,3,0
40,Requiem Pokémon,90,0.8,20,Duskull,355,30,90,25,ghost,,15,3,0
70,Beckon Pokémon,130,1.6,40,Dusclops,356,60,130,25,ghost,,30.6,3,0
68,Fruit Pokémon,83,2,99,Tropius,357,72,87,51,grass,flying,100,3,0
50,Wind Chime Pokémon,80,0.6,75,Chimecho,358,95,90,65,psychic,,1,3,0
150,Disaster Pokémon,60,1.2,65,Absol,359,115,60,115,dark,,47,3,0
23,Bright Pokémon,48,0.6,95,Wynaut,360,23,48,23,psychic,,14,3,0
50,Snow Hat Pokémon,50,0.7,50,Snorunt,361,50,50,50,ice,,16.8,3,0
120,Face Pokémon,80,1.5,80,Glalie,362,120,80,100,ice,,256.5,3,0
40,Clap Pokémon,50,0.8,70,Spheal,363,55,50,25,ice,water,39.5,3,0
60,Ball Roll Pokémon,70,1.1,90,Sealeo,364,75,70,45,ice,water,87.6,3,0
80,Ice Break Pokémon,90,1.4,110,Walrein,365,95,90,65,ice,water,150.6,3,0
64,Bivalve Pokémon,85,0.4,35,Clamperl,366,74,55,32,water,,52.5,3,0
104,Deep Sea Pokémon,105,1.7,55,Huntail,367,94,75,52,water,,27,3,0
84,South Sea Pokémon,105,1.8,55,Gorebyss,368,114,75,52,water,,22.6,3,0
90,Longevity Pokémon,130,1,100,Relicanth,369,45,65,55,water,rock,23.4,3,0
30,Rendezvous Pokémon,55,0.6,43,Luvdisc,370,40,65,97,water,,8.7,3,0
75,Rock Head Pokémon,60,0.6,45,Bagon,371,40,30,50,dragon,,42.1,3,0
95,Endurance Pokémon,100,1.1,65,Shelgon,372,60,50,50,dragon,,110.5,3,0
145,Dragon Pokémon,130,1.5,95,Salamence,373,120,90,120,dragon,flying,102.6,3,0
55,Iron Ball Pokémon,80,0.6,40,Beldum,374,35,60,30,steel,psychic,95.2,3,0
75,Iron Claw Pokémon,100,1.2,60,Metang,375,55,80,50,steel,psychic,202.5,3,0
145,Iron Leg Pokémon,150,1.6,80,Metagross,376,105,110,110,steel,psychic,550,3,0
100,Rock Peak Pokémon,200,1.7,80,Regirock,377,50,100,50,rock,,230,3,1
50,Iceberg Pokémon,100,1.8,80,Regice,378,100,200,50,ice,,175,3,1
75,Iron Pokémon,150,1.9,80,Registeel,379,75,150,50,steel,,205,3,1
100,Eon Pokémon,120,1.4,80,Latias,380,140,150,110,dragon,psychic,40,3,1
130,Eon Pokémon,100,2,80,Latios,381,160,120,110,dragon,psychic,60,3,1
150,Sea Basin Pokémon,90,4.5,100,Kyogre,382,180,160,90,water,,352,3,1
180,Continent Pokémon,160,3.5,100,Groudon,383,150,90,90,ground,,950,3,1
180,Sky High Pokémon,100,7,105,Rayquaza,384,180,100,115,dragon,flying,206.5,3,1
100,Wish Pokémon,100,0.3,100,Jirachi,385,100,100,100,steel,psychic,1.1,3,1
95,DNA Pokémon,90,1.7,50,Deoxys,386,95,90,180,psychic,,60.8,3,1
68,Tiny Leaf Pokémon,64,0.4,55,Turtwig,387,45,55,31,grass,,10.2,4,0
89,Grove Pokémon,85,1.1,75,Grotle,388,55,65,36,grass,,97,4,0
109,Continent Pokémon,105,2.2,95,Torterra,389,75,85,56,grass,ground,310,4,0
58,Chimp Pokémon,44,0.5,44,Chimchar,390,58,44,61,fire,,6.2,4,0
78,Playful Pokémon,52,0.9,64,Monferno,391,78,52,81,fire,fighting,22,4,0
104,Flame Pokémon,71,1.2,76,Infernape,392,104,71,108,fire,fighting,55,4,0
51,Penguin Pokémon,53,0.4,53,Piplup,393,61,56,40,water,,5.2,4,0
66,Penguin Pokémon,68,0.8,64,Prinplup,394,81,76,50,water,,23,4,0
86,Emperor Pokémon,88,1.7,84,Empoleon,395,111,101,60,water,steel,84.5,4,0
55,Starling Pokémon,30,0.3,40,Starly,396,30,30,60,normal,flying,2,4,0
75,Starling Pokémon,50,0.6,55,Staravia,397,40,40,80,normal,flying,15.5,4,0
120,Predator Pokémon,70,1.2,85,Staraptor,398,50,60,100,normal,flying,24.9,4,0
45,Plump Mouse Pokémon,40,0.5,59,Bidoof,399,35,40,31,normal,,20,4,0
85,Beaver Pokémon,60,1,79,Bibarel,400,55,60,71,normal,water,31.5,4,0
25,Cricket Pokémon,41,0.3,37,Kricketot,401,25,41,25,bug,,2.2,4,0
85,Cricket Pokémon,51,1,77,Kricketune,402,55,51,65,bug,,25.5,4,0
65,Flash Pokémon,34,0.5,45,Shinx,403,40,34,45,electric,,9.5,4,0
85,Spark Pokémon,49,0.9,60,Luxio,404,60,49,60,electric,,30.5,4,0
120,Gleam Eyes Pokémon,79,1.4,80,Luxray,405,95,79,70,electric,,42,4,0
30,Bud Pokémon,35,0.2,40,Budew,406,50,70,55,grass,poison,1.2,4,0
70,Bouquet Pokémon,65,0.9,60,Roserade,407,125,105,90,grass,poison,14.5,4,0
125,Head Butt Pokémon,40,0.9,67,Cranidos,408,30,30,58,rock,,31.5,4,0
165,Head Butt Pokémon,60,1.6,97,Rampardos,409,65,50,58,rock,,102.5,4,0
42,Shield Pokémon,118,0.5,30,Shieldon,410,42,88,30,rock,steel,57,4,0
52,Shield Pokémon,168,1.3,60,Bastiodon,411,47,138,30,rock,steel,149.5,4,0
29,Bagworm Pokémon,45,0.2,40,Burmy,412,29,45,36,bug,,3.4,4,0
69,Bagworm Pokémon,95,0.5,60,Wormadam,413,69,95,36,bug,grass,6.5,4,0
94,Moth Pokémon,50,0.9,70,Mothim,414,94,50,66,bug,flying,23.3,4,0
30,Tiny Bee Pokémon,42,0.3,30,Combee,415,30,42,70,bug,flying,5.5,4,0
80,Beehive Pokémon,102,1.2,70,Vespiquen,416,80,102,40,bug,flying,38.5,4,0
45,EleSquirrel Pokémon,70,0.4,60,Pachirisu,417,45,90,95,electric,,3.9,4,0
65,Sea Weasel Pokémon,35,0.7,55,Buizel,418,60,30,85,water,,29.5,4,0
105,Sea Weasel Pokémon,55,1.1,85,Floatzel,419,85,50,115,water,,33.5,4,0
35,Cherry Pokémon,45,0.4,45,Cherubi,420,62,53,35,grass,,3.3,4,0
60,Blossom Pokémon,70,0.5,70,Cherrim,421,87,78,85,grass,,9.3,4,0
48,Sea Slug Pokémon,48,0.3,76,Shellos,422,57,62,34,water,,6.3,4,0
83,Sea Slug Pokémon,68,0.9,111,Gastrodon,423,92,82,39,water,ground,29.9,4,0
100,Long Tail Pokémon,66,1.2,75,Ambipom,424,60,66,115,normal,,20.3,4,0
50,Balloon Pokémon,34,0.4,90,Drifloon,425,60,44,70,ghost,flying,1.2,4,0
80,Blimp Pokémon,44,1.2,150,Drifblim,426,90,54,80,ghost,flying,15,4,0
66,Rabbit Pokémon,44,0.4,55,Buneary,427,44,56,85,normal,,5.5,4,0
136,Rabbit Pokémon,94,1.2,65,Lopunny,428,54,96,135,normal,,33.3,4,0
60,Magical Pokémon,60,0.9,60,Mismagius,429,105,105,105,ghost,,4.4,4,0
125,Big Boss Pokémon,52,0.9,100,Honchkrow,430,105,52,71,dark,flying,27.3,4,0
55,Catty Pokémon,42,0.5,49,Glameow,431,42,37,85,normal,,3.9,4,0
82,Tiger Cat Pokémon,64,1,71,Purugly,432,64,59,112,normal,,43.8,4,0
30,Bell Pokémon,50,0.2,45,Chingling,433,65,50,45,psychic,,0.6,4,0
63,Skunk Pokémon,47,0.4,63,Stunky,434,41,41,74,poison,dark,19.2,4,0
93,Skunk Pokémon,67,1,103,Skuntank,435,71,61,84,poison,dark,38,4,0
24,Bronze Pokémon,86,0.5,57,Bronzor,436,24,86,23,steel,psychic,60.5,4,0
89,Bronze Bell Pokémon,116,1.3,67,Bronzong,437,79,116,33,steel,psychic,187,4,0
80,Bonsai Pokémon,95,0.5,50,Bonsly,438,10,45,10,rock,,15,4,0
25,Mime Pokémon,45,0.6,20,Mime Jr.,439,70,90,60,psychic,fairy,13,4,0
5,Playhouse Pokémon,5,0.6,100,Happiny,440,15,65,30,normal,,24.4,4,0
65,Music Note Pokémon,45,0.5,76,Chatot,441,92,42,91,normal,flying,1.9,4,0
92,Forbidden Pokémon,108,1,50,Spiritomb,442,92,108,35,ghost,dark,108,4,0
70,Land Shark Pokémon,45,0.7,58,Gible,443,40,45,42,dragon,ground,20.5,4,0
90,Cave Pokémon,65,1.4,68,Gabite,444,50,55,82,dragon,ground,56,4,0
170,Mach Pokémon,115,1.9,108,Garchomp,445,120,95,92,dragon,ground,95,4,0
85,Big Eater Pokémon,40,0.6,135,Munchlax,446,40,85,5,normal,,105,4,0
70,Emanation Pokémon,40,0.7,40,Riolu,447,35,40,60,fighting,,20.2,4,0
145,Aura Pokémon,88,1.2,70,Lucario,448,140,70,112,fighting,steel,54,4,0
72,Hippo Pokémon,78,0.8,68,Hippopotas,449,38,42,32,ground,,49.5,4,0
112,Heavyweight Pokémon,118,2,108,Hippowdon,450,68,72,47,ground,,300,4,0
50,Scorpion Pokémon,90,0.8,40,Skorupi,451,30,55,65,poison,bug,12,4,0
90,Ogre Scorp Pokémon,110,1.3,70,Drapion,452,60,75,95,poison,dark,61.5,4,0
61,Toxic Mouth Pokémon,40,0.7,48,Croagunk,453,61,40,50,poison,fighting,23,4,0
106,Toxic Mouth Pokémon,65,1.3,83,Toxicroak,454,86,65,85,poison,fighting,44.4,4,0
100,Bug Catcher Pokémon,72,1.4,74,Carnivine,455,90,72,46,grass,,27,4,0
49,Wing Fish Pokémon,56,0.4,49,Finneon,456,49,61,66,water,,7,4,0
69,Neon Pokémon,76,1.2,69,Lumineon,457,69,86,91,water,,24,4,0
20,Kite Pokémon,50,1,45,Mantyke,458,60,120,50,water,flying,65,4,0
62,Frosted Tree Pokémon,50,1,60,Snover,459,62,60,40,grass,ice,50.5,4,0
132,Frosted Tree Pokémon,105,2.2,90,Abomasnow,460,132,105,30,grass,ice,135.5,4,0
120,Sharp Claw Pokémon,65,1.1,70,Weavile,461,45,85,125,dark,ice,34,4,0
70,Magnet Area Pokémon,115,1.2,70,Magnezone,462,130,90,60,electric,steel,180,4,0
85,Licking Pokémon,95,1.7,110,Lickilicky,463,80,95,50,normal,,140,4,0
140,Drill Pokémon,130,2.4,115,Rhyperior,464,55,55,40,ground,rock,282.8,4,0
100,Vine Pokémon,125,2,100,Tangrowth,465,110,50,50,grass,,128.6,4,0
123,Thunderbolt Pokémon,67,1.8,75,Electivire,466,95,85,95,electric,,138.6,4,0
95,Blast Pokémon,67,1.6,75,Magmortar,467,125,95,83,fire,,68,4,0
50,Jubilee Pokémon,95,1.5,85,Togekiss,468,120,115,80,fairy,flying,38,4,0
76,Ogre Darner Pokémon,86,1.9,86,Yanmega,469,116,56,95,bug,flying,51.5,4,0
110,Verdant Pokémon,130,1,65,Leafeon,470,60,65,95,grass,,25.5,4,0
60,Fresh Snow Pokémon,110,0.8,65,Glaceon,471,130,95,65,ice,,25.9,4,0
95,Fang Scorp Pokémon,125,2,75,Gliscor,472,45,75,95,ground,flying,42.5,4,0
130,Twin Tusk Pokémon,80,2.5,110,Mamoswine,473,70,60,80,ice,ground,291,4,0
80,Virtual Pokémon,70,0.9,85,Porygon-Z,474,135,75,90,normal,,34,4,0
165,Blade Pokémon,95,1.6,68,Gallade,475,65,115,110,psychic,fighting,52,4,0
55,Compass Pokémon,145,1.4,60,Probopass,476,75,150,40,rock,steel,340,4,0
100,Gripper Pokémon,135,2.2,45,Dusknoir,477,65,135,45,ghost,,106.6,4,0
80,Snow Land Pokémon,70,1.3,70,Froslass,478,80,70,110,ice,ghost,26.6,4,0
65,Plasma Pokémon,107,0.3,50,Rotom,479,105,107,86,electric,ghost,0.3,4,0
75,Knowledge Pokémon,130,0.3,75,Uxie,480,75,130,95,psychic,,0.3,4,1
105,Emotion Pokémon,105,0.3,80,Mesprit,481,105,105,80,psychic,,0.3,4,1
125,Willpower Pokémon,70,0.3,75,Azelf,482,125,70,115,psychic,,0.3,4,1
120,Temporal Pokémon,120,5.4,100,Dialga,483,150,100,90,steel,dragon,683,4,1
120,Spatial Pokémon,100,4.2,90,Palkia,484,150,120,100,water,dragon,336,4,1
90,Lava Dome Pokémon,106,1.7,91,Heatran,485,130,106,77,fire,steel,430,4,1
160,Colossal Pokémon,110,3.7,110,Regigigas,486,80,110,100,normal,,420,4,1
120,Renegade Pokémon,100,4.5,150,Giratina,487,120,100,90,ghost,dragon,750,4,1
70,Lunar Pokémon,120,1.5,120,Cresselia,488,75,130,85,psychic,,85.6,4,1
80,Sea Drifter Pokémon,80,0.4,80,Phione,489,80,80,80,water,,3.1,4,0
100,Seafaring Pokémon,100,0.3,100,Manaphy,490,100,100,100,water,,1.4,4,1
90,Pitch-Black Pokémon,90,1.5,70,Darkrai,491,135,90,125,dark,,50.5,4,1
103,Gratitude Pokémon,75,0.2,100,Shaymin,492,120,75,127,grass,grass,2.1,4,1
120,Alpha Pokémon,120,3.2,120,Arceus,493,120,120,120,normal,,320,4,1
100,Victory Pokémon,100,0.4,100,Victini,494,100,100,100,psychic,fire,4,5,1
45,Grass Snake Pokémon,55,0.6,45,Snivy,495,45,55,63,grass,,8.1,5,0
60,Grass Snake Pokémon,75,0.8,60,Servine,496,60,75,83,grass,,16,5,0
75,Regal Pokémon,95,3.3,75,Serperior,497,75,95,113,grass,,63,5,0
63,Fire Pig Pokémon,45,0.5,65,Tepig,498,45,45,45,fire,,9.9,5,0
93,Fire Pig Pokémon,55,1,90,Pignite,499,70,55,55,fire,fighting,55.5,5,0
123,Mega Fire Pig Pokémon,65,1.6,110,Emboar,500,100,65,65,fire,fighting,150,5,0
55,Sea Otter Pokémon,45,0.5,55,Oshawott,501,63,45,45,water,,5.9,5,0
75,Discipline Pokémon,60,0.8,75,Dewott,502,83,60,60,water,,24.5,5,0
100,Formidable Pokémon,85,1.5,95,Samurott,503,108,70,70,water,,94.6,5,0
55,Scout Pokémon,39,0.5,45,Patrat,504,35,39,42,normal,,11.6,5,0
85,Lookout Pokémon,69,1.1,60,Watchog,505,60,69,77,normal,,27,5,0
60,Puppy Pokémon,45,0.4,45,Lillipup,506,25,45,55,normal,,4.1,5,0
80,Loyal Dog Pokémon,65,0.9,65,Herdier,507,35,65,60,normal,,14.7,5,0
110,Big-Hearted Pokémon,90,1.2,85,Stoutland,508,45,90,80,normal,,61,5,0
50,Devious Pokémon,37,0.4,41,Purrloin,509,50,37,66,dark,,10.1,5,0
88,Cruel Pokémon,50,1.1,64,Liepard,510,88,50,106,dark,,37.5,5,0
53,Grass Monkey Pokémon,48,0.6,50,Pansage,511,53,48,64,grass,,10.5,5,0
98,Thorn Monkey Pokémon,63,1.1,75,Simisage,512,98,63,101,grass,,30.5,5,0
53,High Temp Pokémon,48,0.6,50,Pansear,513,53,48,64,fire,,11,5,0
98,Ember Pokémon,63,1,75,Simisear,514,98,63,101,fire,,28,5,0
53,Spray Pokémon,48,0.6,50,Panpour,515,53,48,64,water,,13.5,5,0
98,Geyser Pokémon,63,1,75,Simipour,516,98,63,101,water,,29,5,0
25,Dream Eater Pokémon,45,0.6,76,Munna,517,67,55,24,psychic,,23.3,5,0
55,Drowsing Pokémon,85,1.1,116,Musharna,518,107,95,29,psychic,,60.5,5,0
55,Tiny Pigeon Pokémon,50,0.3,50,Pidove,519,36,30,43,normal,flying,2.1,5,0
77,Wild Pigeon Pokémon,62,0.6,62,Tranquill,520,50,42,65,normal,flying,15,5,0
115,Proud Pokémon,80,1.2,80,Unfezant,521,65,55,93,normal,flying,29,5,0
60,Electrified Pokémon,32,0.8,45,Blitzle,522,50,32,76,electric,,29.8,5,0
100,Thunderbolt Pokémon,63,1.6,75,Zebstrika,523,80,63,116,electric,,79.5,5,0
75,Mantle Pokémon,85,0.4,55,Roggenrola,524,25,25,15,rock,,18,5,0
105,Ore Pokémon,105,0.9,70,Boldore,525,50,40,20,rock,,102,5,0
135,Compressed Pokémon,130,1.7,85,Gigalith,526,60,80,25,rock,,260,5,0
45,Bat Pokémon,43,0.4,65,Woobat,527,55,43,72,psychic,flying,2.1,5,0
57,Courting Pokémon,55,0.9,67,Swoobat,528,77,55,114,psychic,flying,10.5,5,0
85,Mole Pokémon,40,0.3,60,Drilbur,529,30,45,68,ground,,8.5,5,0
135,Subterrene Pokémon,60,0.7,110,Excadrill,530,50,65,88,ground,steel,40.4,5,0
60,Hearing Pokémon,126,1.1,103,Audino,531,80,126,50,normal,,31,5,0
80,Muscular Pokémon,55,0.6,75,Timburr,532,25,35,35,fighting,,12.5,5,0
105,Muscular Pokémon,85,1.2,85,Gurdurr,533,40,50,40,fighting,,40,5,0
140,Muscular Pokémon,95,1.4,105,Conkeldurr,534,55,65,45,fighting,,87,5,0
50,Tadpole Pokémon,40,0.5,50,Tympole,535,50,40,64,water,,4.5,5,0
65,Vibration Pokémon,55,0.8,75,Palpitoad,536,65,55,69,water,ground,17,5,0
95,Vibration Pokémon,75,1.5,105,Seismitoad,537,85,75,74,water,ground,62,5,0
100,Judo Pokémon,85,1.3,120,Throh,538,30,85,45,fighting,,55.5,5,0
125,Karate Pokémon,75,1.4,75,Sawk,539,30,75,85,fighting,,51,5,0
53,Sewing Pokémon,70,0.3,45,Sewaddle,540,40,60,42,bug,grass,2.5,5,0
63,Leaf-Wrapped Pokémon,90,0.5,55,Swadloon,541,50,80,42,bug,grass,7.3,5,0
103,Nurturing Pokémon,80,1.2,75,Leavanny,542,70,80,92,bug,grass,20.5,5,0
45,Centipede Pokémon,59,0.4,30,Venipede,543,30,39,57,bug,poison,5.3,5,0
55,Curlipede Pokémon,99,1.2,40,Whirlipede,544,40,79,47,bug,poison,58.5,5,0
100,Megapede Pokémon,89,2.5,60,Scolipede,545,55,69,112,bug,poison,200.5,5,0
27,Cotton Puff Pokémon,60,0.3,40,Cottonee,546,37,50,66,grass,fairy,0.6,5,0
67,Windveiled Pokémon,85,0.7,60,Whimsicott,547,77,75,116,grass,fairy,6.6,5,0
35,Bulb Pokémon,50,0.5,45,Petilil,548,70,50,30,grass,,6.6,5,0
60,Flowering Pokémon,75,1.1,70,Lilligant,549,110,75,90,grass,,16.3,5,0
92,Hostile Pokémon,65,1,70,Basculin,550,80,55,98,water,,18,5,0
72,Desert Croc Pokémon,35,0.7,50,Sandile,551,35,35,65,ground,dark,15.2,5,0
82,Desert Croc Pokémon,45,1,60,Krokorok,552,45,45,74,ground,dark,33.4,5,0
117,Intimidation Pokémon,80,1.5,95,Krookodile,553,65,70,92,ground,dark,96.3,5,0
90,Zen Charm Pokémon,45,0.6,70,Darumaka,554,15,45,50,fire,,37.5,5,0
30,Blazing Pokémon,105,1.3,105,Darmanitan,555,140,105,55,fire,fire,92.9,5,0
86,Cactus Pokémon,67,1,75,Maractus,556,106,67,60,grass,,28,5,0
65,Rock Inn Pokémon,85,0.3,50,Dwebble,557,35,35,55,bug,rock,14.5,5,0
105,Stone Home Pokémon,125,1.4,70,Crustle,558,65,75,45,bug,rock,200,5,0
75,Shedding Pokémon,70,0.6,50,Scraggy,559,35,70,48,dark,fighting,11.8,5,0
90,Hoodlum Pokémon,115,1.1,65,Scrafty,560,45,115,58,dark,fighting,30,5,0
58,Avianoid Pokémon,80,1.4,72,Sigilyph,561,103,80,97,psychic,flying,14,5,0
30,Spirit Pokémon,85,0.5,38,Yamask,562,55,65,30,ghost,,1.5,5,0
50,Coffin Pokémon,145,1.7,58,Cofagrigus,563,95,105,30,ghost,,76.5,5,0
78,Prototurtle Pokémon,103,0.7,54,Tirtouga,564,53,45,22,water,rock,16.5,5,0
108,Prototurtle Pokémon,133,1.2,74,Carracosta,565,83,65,32,water,rock,81,5,0
112,First Bird Pokémon,45,0.5,55,Archen,566,74,45,70,rock,flying,9.5,5,0
140,First Bird Pokémon,65,1.4,75,Archeops,567,112,65,110,rock,flying,32,5,0
50,Trash Bag Pokémon,62,0.6,50,Trubbish,568,40,62,65,poison,,31,5,0
95,Trash Heap Pokémon,82,1.9,80,Garbodor,569,60,82,75,poison,,107.3,5,0
65,Tricky Fox Pokémon,40,0.7,40,Zorua,570,80,40,65,dark,,12.5,5,0
105,Illusion Fox Pokémon,60,1.6,60,Zoroark,571,120,60,105,dark,,81.1,5,0
50,Chinchilla Pokémon,40,0.4,55,Minccino,572,40,40,75,normal,,5.8,5,0
95,Scarf Pokémon,60,0.5,75,Cinccino,573,65,60,115,normal,,7.5,5,0
30,Fixation Pokémon,50,0.4,45,Gothita,574,55,65,45,psychic,,5.8,5,0
45,Manipulate Pokémon,70,0.7,60,Gothorita,575,75,85,55,psychic,,18,5,0
55,Astral Body Pokémon,95,1.5,70,Gothitelle,576,95,110,65,psychic,,44,5,0
30,Cell Pokémon,40,0.3,45,Solosis,577,105,50,20,psychic,,1,5,0
40,Mitosis Pokémon,50,0.6,65,Duosion,578,125,60,30,psychic,,8,5,0
65,Multiplying Pokémon,75,1,110,Reuniclus,579,125,85,30,psychic,,20.1,5,0
44,Water Bird Pokémon,50,0.5,62,Ducklett,580,44,50,55,water,flying,5.5,5,0
87,White Bird Pokémon,63,1.3,75,Swanna,581,87,63,98,water,flying,24.2,5,0
50,Fresh Snow Pokémon,50,0.4,36,Vanillite,582,65,60,44,ice,,5.7,5,0
65,Icy Snow Pokémon,65,1.1,51,Vanillish,583,80,75,59,ice,,41,5,0
95,Snowstorm Pokémon,85,1.3,71,Vanilluxe,584,110,95,79,ice,,57.5,5,0
60,Season Pokémon,50,0.6,60,Deerling,585,40,50,75,normal,grass,19.5,5,0
100,Season Pokémon,70,1.9,80,Sawsbuck,586,60,70,95,normal,grass,92.5,5,0
75,Sky Squirrel Pokémon,60,0.4,55,Emolga,587,75,60,103,electric,flying,5,5,0
75,Clamping Pokémon,45,0.5,50,Karrablast,588,40,45,60,bug,,5.9,5,0
135,Cavalry Pokémon,105,1,70,Escavalier,589,60,105,20,bug,steel,33,5,0
55,Mushroom Pokémon,45,0.2,69,Foongus,590,55,55,15,grass,poison,1,5,0
85,Mushroom Pokémon,70,0.6,114,Amoonguss,591,85,80,30,grass,poison,10.5,5,0
40,Floating Pokémon,50,1.2,55,Frillish,592,65,85,40,water,ghost,33,5,0
60,Floating Pokémon,70,2.2,100,Jellicent,593,85,105,60,water,ghost,135,5,0
75,Caring Pokémon,80,1.2,165,Alomomola,594,40,45,65,water,,31.6,5,0
47,Attaching Pokémon,50,0.1,50,Joltik,595,57,50,65,bug,electric,0.6,5,0
77,EleSpider Pokémon,60,0.8,70,Galvantula,596,97,60,108,bug,electric,14.3,5,0
50,Thorn Seed Pokémon,91,0.6,44,Ferroseed,597,24,86,10,grass,steel,18.8,5,0
94,Thorn Pod Pokémon,131,1,74,Ferrothorn,598,54,116,20,grass,steel,110,5,0
55,Gear Pokémon,70,0.3,40,Klink,599,45,60,30,steel,,21,5,0
80,Gear Pokémon,95,0.6,60,Klang,600,70,85,50,steel,,51,5,0
100,Gear Pokémon,115,0.6,60,Klinklang,601,70,85,90,steel,,81,5,0
55,EleFish Pokémon,40,0.2,35,Tynamo,602,45,40,60,electric,,0.3,5,0
85,EleFish Pokémon,70,1.2,65,Eelektrik,603,75,70,40,electric,,22,5,0
115,EleFish Pokémon,80,2.1,85,Eelektross,604,105,80,50,electric,,80.5,5,0
55,Cerebral Pokémon,55,0.5,55,Elgyem,605,85,55,30,psychic,,9,5,0
75,Cerebral Pokémon,75,1,75,Beheeyem,606,125,95,40,psychic,,34.5,5,0
30,Candle Pokémon,55,0.3,50,Litwick,607,65,55,20,ghost,fire,3.1,5,0
40,Lamp Pokémon,60,0.6,60,Lampent,608,95,60,55,ghost,fire,13,5,0
55,Luring Pokémon,90,1,60,Chandelure,609,145,90,80,ghost,fire,34.3,5,0
87,Tusk Pokémon,60,0.6,46,Axew,610,30,40,57,dragon,,18,5,0
117,Axe Jaw Pokémon,70,1,66,Fraxure,611,40,50,67,dragon,,36,5,0
147,Axe Jaw Pokémon,90,1.8,76,Haxorus,612,60,70,97,dragon,,105.5,5,0
70,Chill Pokémon,40,0.5,55,Cubchoo,613,60,40,40,ice,,8.5,5,0
130,Freezing Pokémon,80,2.6,95,Beartic,614,70,80,50,ice,,260,5,0
50,Crystallizing Pokémon,50,1.1,80,Cryogonal,615,95,135,105,ice,,148,5,0
40,Snail Pokémon,85,0.4,50,Shelmet,616,40,65,25,bug,,7.7,5,0
70,Shell Out Pokémon,40,0.8,80,Accelgor,617,100,60,145,bug,,25.3,5,0
66,Trap Pokémon,84,0.7,109,Stunfisk,618,81,99,32,ground,electric,11,5,0
85,Martial Arts Pokémon,50,0.9,45,Mienfoo,619,55,50,65,fighting,,20,5,0
125,Martial Arts Pokémon,60,1.4,65,Mienshao,620,95,60,105,fighting,,35.5,5,0
120,Cave Pokémon,90,1.6,77,Druddigon,621,60,90,48,dragon,,139,5,0
74,Automaton Pokémon,50,1,59,Golett,622,35,50,35,ground,ghost,92,5,0
124,Automaton Pokémon,80,2.8,89,Golurk,623,55,80,55,ground,ghost,330,5,0
85,Sharp Blade Pokémon,70,0.5,45,Pawniard,624,40,40,60,dark,steel,10.2,5,0
125,Sword Blade Pokémon,100,1.6,65,Bisharp,625,60,70,70,dark,steel,70,5,0
110,Bash Buffalo Pokémon,95,1.6,95,Bouffalant,626,40,95,55,normal,,94.6,5,0
83,Eaglet Pokémon,50,0.5,70,Rufflet,627,37,50,60,normal,flying,10.5,5,0
123,Valiant Pokémon,75,1.5,100,Braviary,628,57,75,80,normal,flying,41,5,0
55,Diapered Pokémon,75,0.5,70,Vullaby,629,45,65,60,dark,flying,9,5,0
65,Bone Vulture Pokémon,105,1.2,110,Mandibuzz,630,55,95,80,dark,flying,39.5,5,0
97,Anteater Pokémon,66,1.4,85,Heatmor,631,105,66,65,fire,,58,5,0
109,Iron Ant Pokémon,112,0.3,58,Durant,632,48,48,109,bug,steel,33,5,0
65,Irate Pokémon,50,0.8,52,Deino,633,45,50,38,dark,dragon,17.3,5,0
85,Hostile Pokémon,70,1.4,72,Zweilous,634,65,70,58,dark,dragon,50,5,0
105,Brutal Pokémon,90,1.8,92,Hydreigon,635,125,90,98,dark,dragon,160,5,0
85,Torch Pokémon,55,1.1,55,Larvesta,636,50,55,60,bug,fire,28.8,5,0
60,Sun Pokémon,65,1.6,85,Volcarona,637,135,105,100,bug,fire,46,5,0
90,Iron Will Pokémon,129,2.1,91,Cobalion,638,90,72,108,steel,fighting,250,5,1
129,Cavern Pokémon,90,1.9,91,Terrakion,639,72,90,108,rock,fighting,260,5,1
90,Grassland Pokémon,72,2,91,Virizion,640,90,129,108,grass,fighting,200,5,1
100,Cyclone Pokémon,80,1.5,79,Tornadus,641,110,90,121,flying,,63,5,1
105,Bolt Strike Pokémon,70,1.5,79,Thundurus,642,145,80,101,electric,flying,61,5,1
120,Vast White Pokémon,100,3.2,100,Reshiram,643,150,120,90,dragon,fire,330,5,1
150,Deep Black Pokémon,120,2.9,100,Zekrom,644,120,100,90,dragon,electric,345,5,1
145,Abundance Pokémon,90,1.5,89,Landorus,645,105,80,91,ground,flying,68,5,1
120,Boundary Pokémon,90,3,125,Kyurem,646,170,100,95,dragon,ice,325,5,1
72,Colt Pokémon,90,1.4,91,Keldeo,647,129,90,108,water,fighting,48.5,5,1
128,Melody Pokémon,90,0.6,100,Meloetta,648,77,77,128,normal,psychic,6.5,5,1
120,Paleozoic Pokémon,95,1.5,71,Genesect,649,120,95,99,bug,steel,82.5,5,1
61,Spiky Nut Pokémon,65,0.4,56,Chespin,650,48,45,38,grass,,9,6,0
78,Spiny Armor Pokémon,95,0.7,61,Quilladin,651,56,58,57,grass,,29,6,0
107,Spiny Armor Pokémon,122,1.6,88,Chesnaught,652,74,75,64,grass,fighting,90,6,0
45,Fox Pokémon,40,0.4,40,Fennekin,653,62,60,60,fire,,9.4,6,0
59,Fox Pokémon,58,1,59,Braixen,654,90,70,73,fire,,14.5,6,0
69,Fox Pokémon,72,1.5,75,Delphox,655,114,100,104,fire,psychic,39,6,0
56,Bubble Frog Pokémon,40,0.3,41,Froakie,656,62,44,71,water,,7,6,0
63,Bubble Frog Pokémon,52,0.6,54,Frogadier,657,83,56,97,water,,10.9,6,0
145,Ninja Pokémon,67,1.5,72,Greninja,658,153,71,132,water,dark,40,6,0
36,Digging Pokémon,38,0.4,38,Bunnelby,659,32,36,57,normal,,5,6,0
56,Digging Pokémon,77,1,85,Diggersby,660,50,77,78,normal,ground,42.4,6,0
50,Tiny Robin Pokémon,43,0.3,45,Fletchling,661,40,38,62,normal,flying,1.7,6,0
73,Ember Pokémon,55,0.7,62,Fletchinder,662,56,52,84,fire,flying,16,6,0
81,Scorching Pokémon,71,1.2,78,Talonflame,663,74,69,126,fire,flying,24.5,6,0
35,Scatterdust Pokémon,40,0.3,38,Scatterbug,664,27,25,35,bug,,2.5,6,0
22,Scatterdust Pokémon,60,0.3,45,Spewpa,665,27,30,29,bug,,8.4,6,0
52,Scale Pokémon,50,1.2,80,Vivillon,666,90,50,89,bug,flying,17,6,0
50,Lion Cub Pokémon,58,0.6,62,Litleo,667,73,54,72,fire,normal,13.5,6,0
68,Royal Pokémon,72,1.5,86,Pyroar,668,109,66,106,fire,normal,81.5,6,0
38,Single Bloom Pokémon,39,0.1,44,Flabébé,669,61,79,42,fairy,,0.1,6,0
65,Fairy Pokémon,67,0.2,74,Floette,670,125,128,92,fairy,,0.9,6,0
65,Garden Pokémon,68,1.1,78,Florges,671,112,154,75,fairy,,10,6,0
65,Mount Pokémon,48,0.9,66,Skiddo,672,62,57,52,grass,,31,6,0
100,Mount Pokémon,62,1.7,123,Gogoat,673,97,81,68,grass,,91,6,0
82,Playful Pokémon,62,0.6,67,Pancham,674,46,48,43,fighting,,8,6,0
124,Daunting Pokémon,78,2.1,95,Pangoro,675,69,71,58,fighting,dark,136,6,0
80,Poodle Pokémon,60,1.2,75,Furfrou,676,65,90,102,normal,,28,6,0
48,Restraint Pokémon,54,0.3,62,Espurr,677,63,60,68,psychic,,3.5,6,0
48,Constraint Pokémon,76,0.6,74,Meowstic,678,83,81,104,psychic,,8.5,6,0
80,Sword Pokémon,100,0.8,45,Honedge,679,35,37,28,steel,ghost,2,6,0
110,Sword Pokémon,150,0.8,59,Doublade,680,45,49,35,steel,ghost,4.5,6,0
150,Royal Sword Pokémon,50,1.7,60,Aegislash,681,150,50,60,steel,ghost,53,6,0
52,Perfume Pokémon,60,0.2,78,Spritzee,682,63,65,23,fairy,,0.5,6,0
72,Fragrance Pokémon,72,0.8,101,Aromatisse,683,99,89,29,fairy,,15.5,6,0
48,Cotton Candy Pokémon,66,0.4,62,Swirlix,684,59,57,49,fairy,,3.5,6,0
80,Meringue Pokémon,86,0.8,82,Slurpuff,685,85,75,72,fairy,,5,6,0
54,Revolving Pokémon,53,0.4,53,Inkay,686,37,46,45,dark,psychic,3.5,6,0
92,Overturning Pokémon,88,1.5,86,Malamar,687,68,75,73,dark,psychic,47,6,0
52,Two-Handed Pokémon,67,0.5,42,Binacle,688,39,56,50,rock,water,31,6,0
105,Collective Pokémon,115,1.3,72,Barbaracle,689,54,86,68,rock,water,96,6,0
60,Mock Kelp Pokémon,60,0.5,50,Skrelp,690,60,60,30,poison,water,7.3,6,0
75,Mock Kelp Pokémon,90,1.8,65,Dragalge,691,97,123,44,poison,dragon,81.5,6,0
53,Water Gun Pokémon,62,0.5,50,Clauncher,692,58,63,44,water,,8.3,6,0
73,Howitzer Pokémon,88,1.3,71,Clawitzer,693,120,89,59,water,,35.3,6,0
38,Generator Pokémon,33,0.5,44,Helioptile,694,61,43,70,electric,normal,6,6,0
55,Generator Pokémon,52,1,62,Heliolisk,695,109,94,109,electric,normal,21,6,0
89,Royal Heir Pokémon,77,0.8,58,Tyrunt,696,45,45,48,rock,dragon,26,6,0
121,Despot Pokémon,119,2.5,82,Tyrantrum,697,69,59,71,rock,dragon,270,6,0
59,Tundra Pokémon,50,1.3,77,Amaura,698,67,63,46,rock,ice,25.2,6,0
77,Tundra Pokémon,72,2.7,123,Aurorus,699,99,92,58,rock,ice,225,6,0
65,Intertwining Pokémon,65,1,95,Sylveon,700,110,130,60,fairy,,23.5,6,0
92,Wrestling Pokémon,75,0.8,78,Hawlucha,701,74,63,118,fighting,flying,21.5,6,0
58,Antenna Pokémon,57,0.2,67,Dedenne,702,81,67,101,electric,fairy,2.2,6,0
50,Jewel Pokémon,150,0.3,50,Carbink,703,50,150,50,rock,fairy,5.7,6,0
50,Soft Tissue Pokémon,35,0.3,45,Goomy,704,55,75,40,dragon,,2.8,6,0
75,Soft Tissue Pokémon,53,0.8,68,Sliggoo,705,83,113,60,dragon,,17.5,6,0
100,Dragon Pokémon,70,2,90,Goodra,706,110,150,80,dragon,,150.5,6,0
80,Key Ring Pokémon,91,0.2,57,Klefki,707,80,87,75,steel,fairy,3,6,0
70,Stump Pokémon,48,0.4,43,Phantump,708,50,60,38,ghost,grass,7,6,0
110,Elder Tree Pokémon,76,1.5,85,Trevenant,709,65,82,56,ghost,grass,71,6,0
66,Pumpkin Pokémon,70,0.8,59,Pumpkaboo,710,44,55,41,ghost,grass,15,6,0
100,Pumpkin Pokémon,122,1.7,85,Gourgeist,711,58,75,54,ghost,grass,39,6,0
69,Ice Chunk Pokémon,85,1,55,Bergmite,712,32,35,28,ice,,99.5,6,0
117,Iceberg Pokémon,184,2,95,Avalugg,713,44,46,28,ice,,505,6,0
30,Sound Wave Pokémon,35,0.5,40,Noibat,714,45,40,55,flying,dragon,8,6,0
70,Sound Wave Pokémon,80,1.5,85,Noivern,715,97,80,123,flying,dragon,85,6,0
131,Life Pokémon,95,3,126,Xerneas,716,131,98,99,fairy,,215,6,1
131,Destruction Pokémon,95,5.8,126,Yveltal,717,131,98,99,dark,flying,203,6,1
100,Order Pokémon,121,5,216,Zygarde,718,91,95,85,dragon,ground,284.6,6,1
160,Jewel Pokémon,110,0.7,50,Diancie,719,160,110,110,rock,fairy,8.8,6,1
160,Mischief Pokémon (Confined)Djinn Pokémonn (Unbound),60,0.5,80,Hoopa,720,170,130,80,psychic,ghost,9,6,1
110,Steam Pokémon,120,1.7,80,Volcanion,721,130,90,70,fire,water,195,6,1
55,Grass Quill Pokémon,55,0.3,68,Rowlet,722,50,50,42,grass,flying,1.5,7,0
75,Blade Quill Pokémon,75,0.7,78,Dartrix,723,70,70,52,grass,flying,16,7,0
107,Arrow Quill Pokémon,75,1.6,78,Decidueye,724,100,100,70,grass,ghost,36.6,7,0
65,Fire Cat Pokémon,40,0.4,45,Litten,725,60,40,70,fire,,4.3,7,0
85,Fire Cat Pokémon,50,0.7,65,Torracat,726,80,50,90,fire,,25,7,0
115,Heel Pokémon,90,1.8,95,Incineroar,727,80,90,60,fire,dark,83,7,0
54,Sea Lion Pokémon,54,0.4,50,Popplio,728,66,56,40,water,,7.5,7,0
69,Pop Star Pokémon,69,0.6,60,Brionne,729,91,81,50,water,,17.5,7,0
74,Soloist Pokémon,74,1.8,80,Primarina,730,126,116,60,water,fairy,44,7,0
75,Woodpecker Pokémon,30,0.3,35,Pikipek,731,30,30,65,normal,flying,1.2,7,0
85,Bugle Beak Pokémon,50,0.6,55,Trumbeak,732,40,50,75,normal,flying,14.8,7,0
120,Cannon Pokémon,75,1.1,80,Toucannon,733,75,75,60,normal,flying,26,7,0
70,Loitering Pokémon,30,0.4,48,Yungoos,734,30,30,45,normal,,6,7,0
110,Stakeout Pokémon,60,0.7,88,Gumshoos,735,55,60,45,normal,,14.2,7,0
62,Larva Pokémon,45,0.4,47,Grubbin,736,55,45,46,bug,,4.4,7,0
82,Battery Pokémon,95,0.5,57,Charjabug,737,55,75,36,bug,electric,10.5,7,0
70,Stag Beetle Pokémon,90,1.5,77,Vikavolt,738,145,75,43,bug,electric,45,7,0
82,Boxing Pokémon,57,0.6,47,Crabrawler,739,42,47,63,fighting,,7,7,0
132,Woolly Crab Pokémon,77,1.7,97,Crabominable,740,62,67,43,fighting,ice,180,7,0
70,Dancing Pokémon,70,0.6,75,Oricorio,741,98,70,93,fire,flying,3.4,7,0
45,Bee Fly Pokémon,40,0.1,40,Cutiefly,742,55,40,84,bug,fairy,0.2,7,0
55,Bee Fly Pokémon,60,0.2,60,Ribombee,743,95,70,124,bug,fairy,0.5,7,0
65,Puppy Pokémon,40,0.5,45,Rockruff,744,30,40,60,rock,,9.2,7,0
115,Wolf Pokémon,75,0.8,85,Lycanroc,745,55,75,82,rock,,25,7,0
140,Small Fry Pokémon,130,0.2,45,Wishiwashi,746,140,135,30,water,,0.3,7,0
53,Brutal Star Pokémon,62,0.4,50,Mareanie,747,43,52,45,poison,water,8,7,0
63,Brutal Star Pokémon,152,0.7,50,Toxapex,748,53,142,35,poison,water,14.5,7,0
100,Donkey Pokémon,70,1,70,Mudbray,749,45,55,45,ground,,110,7,0
125,Draft Horse Pokémon,100,2.5,100,Mudsdale,750,55,85,35,ground,,920,7,0
40,Water Bubble Pokémon,52,0.3,38,Dewpider,751,40,72,27,water,bug,4,7,0
70,Water Bubble Pokémon,92,1.8,68,Araquanid,752,50,132,42,water,bug,82,7,0
55,Sickle Grass Pokémon,35,0.3,40,Fomantis,753,50,35,35,grass,,1.5,7,0
105,Bloom Sickle Pokémon,90,0.9,70,Lurantis,754,80,90,45,grass,,18.5,7,0
35,Illuminating Pokémon,55,0.2,40,Morelull,755,65,75,15,grass,fairy,1.5,7,0
45,Illuminating Pokémon,80,1,60,Shiinotic,756,90,100,30,grass,fairy,11.5,7,0
44,Toxic Lizard Pokémon,40,0.6,48,Salandit,757,71,40,77,poison,fire,4.8,7,0
64,Toxic Lizard Pokémon,60,1.2,68,Salazzle,758,111,60,117,poison,fire,22.2,7,0
75,Flailing Pokémon,50,0.5,70,Stufful,759,45,50,50,normal,fighting,6.8,7,0
125,Strong Arm Pokémon,80,2.1,120,Bewear,760,55,60,60,normal,fighting,135,7,0
30,Fruit Pokémon,38,0.3,42,Bounsweet,761,30,38,32,grass,,3.2,7,0
40,Fruit Pokémon,48,0.7,52,Steenee,762,40,48,62,grass,,8.2,7,0
120,Fruit Pokémon,98,1.2,72,Tsareena,763,50,98,72,grass,,21.4,7,0
52,Posy Picker Pokémon,90,0.1,51,Comfey,764,82,110,100,fairy,,0.3,7,0
60,Sage Pokémon,80,1.5,90,Oranguru,765,90,110,60,normal,psychic,76,7,0
120,Teamwork Pokémon,90,2,100,Passimian,766,40,60,80,fighting,,82.8,7,0
35,Turn Tail Pokémon,40,0.5,25,Wimpod,767,20,30,80,bug,water,12,7,0
125,Hard Scale Pokémon,140,2,75,Golisopod,768,60,90,40,bug,water,108,7,0
55,Sand Heap Pokémon,80,0.5,55,Sandygast,769,70,45,15,ghost,ground,70,7,0
75,Sand Castle Pokémon,110,1.3,85,Palossand,770,100,75,35,ghost,ground,250,7,0
60,Sea Cucumber Pokémon,130,0.3,55,Pyukumuku,771,30,130,5,water,,1.2,7,0
95,Synthetic Pokémon,95,1.9,95,Type: Null,772,95,95,59,normal,,120.5,7,0
95,Synthetic Pokémon,95,2.3,95,Silvally,773,95,95,95,normal,,100.5,7,0
100,Meteor Pokémon,60,0.3,60,Minior,774,100,60,120,rock,flying,40,7,0
115,Drowsing Pokémon,65,0.4,65,Komala,775,75,95,65,normal,,19.9,7,0
78,Blast Turtle Pokémon,135,2,60,Turtonator,776,91,85,36,fire,dragon,212,7,0
98,Roly-Poly Pokémon,63,0.3,65,Togedemaru,777,40,73,96,electric,steel,3.3,7,0
90,Disguise Pokémon,80,0.2,55,Mimikyu,778,50,105,96,ghost,fairy,0.7,7,0
105,Gnash Teeth Pokémon,70,0.9,68,Bruxish,779,70,70,92,water,psychic,19,7,0
60,Placid Pokémon,85,3,78,Drampa,780,135,91,36,normal,dragon,185,7,0
131,Sea Creeper Pokémon,100,3.9,70,Dhelmise,781,86,90,40,ghost,grass,210,7,0
55,Scaly Pokémon,65,0.6,45,Jangmo-o,782,45,45,45,dragon,,29.7,7,0
75,Scaly Pokémon,90,1.2,55,Hakamo-o,783,65,70,65,dragon,fighting,47,7,0
110,Scaly Pokémon,125,1.6,75,Kommo-o,784,100,105,85,dragon,fighting,78.2,7,0
115,Land Spirit Pokémon,85,1.8,70,Tapu Koko,785,95,75,130,electric,fairy,20.5,7,1
85,Land Spirit Pokémon,75,1.2,70,Tapu Lele,786,130,115,95,psychic,fairy,18.6,7,1
130,Land Spirit Pokémon,115,1.9,70,Tapu Bulu,787,85,95,75,grass,fairy,45.5,7,1
75,Land Spirit Pokémon,115,1.3,70,Tapu Fini,788,95,130,85,water,fairy,21.2,7,1
29,Nebula Pokémon,31,0.2,43,Cosmog,789,29,31,37,psychic,,0.1,7,1
29,Protostar Pokémon,131,0.1,43,Cosmoem,790,29,131,37,psychic,,999.9,7,1
137,Sunne Pokémon,107,3.4,137,Solgaleo,791,113,89,97,psychic,steel,230,7,1
113,Moone Pokémon,89,4,137,Lunala,792,137,107,97,psychic,ghost,120,7,1
53,Parasite Pokémon,47,1.2,109,Nihilego,793,127,131,103,rock,poison,55.5,7,1
139,Swollen Pokémon,139,2.4,107,Buzzwole,794,53,53,79,bug,fighting,333.6,7,1
137,Lissome Pokémon,37,1.8,71,Pheromosa,795,137,37,151,bug,fighting,25,7,1
89,Glowing Pokémon,71,3.8,83,Xurkitree,796,173,71,83,electric,,100,7,1
101,Launch Pokémon,103,9.2,97,Celesteela,797,107,101,61,steel,flying,999.9,7,1
181,Drawn Sword Pokémon,131,0.3,59,Kartana,798,59,31,109,grass,steel,0.1,7,1
101,Junkivore Pokémon,53,5.5,223,Guzzlord,799,97,53,43,dark,dragon,888,7,1
107,Prism Pokémon,101,2.4,97,Necrozma,800,127,89,79,psychic,,230,7,1
95,Artificial Pokémon,115,1,80,Magearna,801,130,115,65,steel,fairy,80.5,7,1
